{
    "train": {
        "validity": 0.9987759486398041,
        "uniqueness": 0.09543044369966484,
        "novelty": 0.0,
        "mol_stable": 0.0,
        "atm_stable": 0.31220295905270545,
        "connectivity": 0.9998247129674842,
        "QED": 0.5338367694103079,
        "SA": 0.7544807463527644,
        "logP": 1.7653694682862704,
        "lipinski": 4.577546803581491,
        "num_samples": 80062
    },
    "test": {
        "validity": 0.9989982971050786,
        "uniqueness": 0.41040810187506266,
        "novelty": 0.0,
        "mol_stable": 0.0,
        "atm_stable": 0.3134767365856557,
        "connectivity": 0.9998995277805687,
        "QED": 0.5343717874711605,
        "SA": 0.754167001607717,
        "logP": 1.7551877200562715,
        "lipinski": 4.57516077170418,
        "num_samples": 9983
    },
    "val": {
        "validity": 0.99899849774662,
        "uniqueness": 0.4106265664160401,
        "novelty": 0.0,
        "mol_stable": 0.0,
        "atm_stable": 0.31388359103603297,
        "connectivity": 0.9997992169460898,
        "QED": 0.5337678646998427,
        "SA": 0.7549884526558892,
        "logP": 1.7387343709207765,
        "lipinski": 4.573149914650065,
        "num_samples": 9985
    }
}